Código,Nome,Turma,Ano-Período,Docente,Horário,Qtde Vagas Ofertadas,Qtde Vagas Ocupadas,Local
ENE0299,TRABALHO DE CONCLUSÃO DE CURSO 2,64,2021.1,PAULO HENRIQUE PORTELA DE CARVALHO (150h),23456N3,10,2,virtual
ENE0078,LABORATÓRIO DE CONTROLE DE SISTEMAS DINÂMICOS,C,2021.1,MARCO ANTONIO FREITAS DO EGITO COELHO (30h),3T23,16,12,SG-11 AT -39/12
ENE0270,TOPICOS ESPECIAIS EM SISTEMA DIGITAIS,01,2021.1,DANIEL CHAVES CAFE (60h),35T45,20,15,Remoto
ENE0342,PROJETO FINAL DE GRADUAÇÃO 1,J,2021.1,MYLENE CHRISTINE QUEIROZ DE FARIAS (30h),2M5 2T1,1,1,Remoto
ENE0343,PROJETO FINAL DE GRADUAÇÃO 2,B,2021.1,EDUARDO PEIXOTO FERNANDES DA SILVA (90h),7M123 6T6 6N12,2,2,Remoto
ENE0309,TRABALHO DE CONCLUSÃO DE CURSO 1,34,2021.1,FRANCIS ARODY MORENO VASQUEZ (30h),7T23,1,4,A definir
ENE0332,TOPICOS EM ENGENHARIA,C,2021.1,LEONARDO RODRIGUES ARAUJO XAVIER DE MENEZES (60h),24T23,30,12,A Definir
ENE0334,COMPUTACAO PARA ENGENHARIA,A,2021.1,DANIEL GUERREIRO E SILVA (60h),46M34,50,41,Remoto
ENE0342,PROJETO FINAL DE GRADUAÇÃO 1,K,2021.1,VINICIUS PEREIRA GONCALVES (30h),2M5 2T1,3,3,Remoto
ENE0342,PROJETO FINAL DE GRADUAÇÃO 1,L,2021.1,FABIO LUCIO LOPES DE MENDONCA (30h),4M5 4T1,1,1,Remoto
ENE0071,INSTALAÇÕES ELÉTRICAS,A,2021.1,FRANCIS ARODY MORENO VASQUEZ (60h),24M34,20,12,FT BT-16/15
ENE0001,ELETRICIDADE BÁSICA,C,2021.1,FRANCISCO DAMASCENO FREITAS (60h),24T23,60,17,SG-11 A1 57/12
ENE0058,LABORATÓRIO DE SISTEMAS MICROPROCESSADOS,F,2021.1,EDUARDO PEIXOTO FERNANDES DA SILVA (30h),3T23,20,15,A definir
ENE0228,ANALISE DE SISTEMAS DE POTENCIA,A,2021.1,PABLO EDUARDO CUERVO FRANCO (60h),24M34,50,12,FT BT-25/15
ENE0343,PROJETO FINAL DE GRADUAÇÃO 2,F,2021.1,GEOVANY ARAUJO BORGES (90h),234567N,2,2,Remoto
ENE0220,INSTRUMENTACAO DE CONTROLE,A,2021.1,GEOVANY ARAUJO BORGES (60h),35M34,50,35,FT BT 43/15
ENE0299,TRABALHO DE CONCLUSÃO DE CURSO 2,47,2021.1,ALCIDES LEANDRO DA SILVA (150h),23456N3,1,2,A definir
ENE0342,PROJETO FINAL DE GRADUAÇÃO 1,B,2021.1,WILLIAM FERREIRA GIOZZA (30h),5M5 5T1,2,1,Remoto
ENE0074,LABORATÓRIO DE CONVERSÃO DE ENERGIA,D,2021.1,GERSON HENRIQUE PFITSCHER (30h),6M12,10,9,SG-11 AT-47/14
ENE0155,INTRODUCAO A ENGENHARIA ELETRICA,A,2021.1,JOSE CAMARGO DA COSTA (30h),6M34,45,32,FT BT-34/15
ENE0089,CABEAMENTO ESTRUTURADO,A,2021.1,FLAVIO ELIAS GOMES DE DEUS (60h),35T45,30,7,FT LAB.REDES
ENE0040,LABORATÓRIO DE SISTEMAS DIGITAIS,A,2021.1,DANIEL CHAVES CAFE (30h),2M34,20,5,A definir
ENE0063,ESTÁGIO SUPERVISIONADO EM ENGENHARIA DE REDES DE COMUNICAÇÃO,D,2021.1,PAULO ROBERTO DE LIRA GONDIM (180h),7M1234 7T1234 6N123,4,2,Remoto
ENE0046,LABORATÓRIO DE ELETRÔNICA,F,2021.1,ALEXANDRE RICARDO SOARES ROMARIZ (30h),6T45,20,15,A definir
ENE0309,TRABALHO DE CONCLUSÃO DE CURSO 1,56,2021.1,ANESIO DE LELES FERREIRA FILHO (15h),7T23,10,2,virtual
ENE0186,CONVERSÃO DE ENERGIA E MÁQUINAS ELÉTRICAS,A,2021.1,IVAN MARQUES DE TOLEDO CAMARGO (60h),24T23,50,27,FT BT-25/15
ENE0025,PROTOCOLOS DE TRANSPORTE E ROTEAMENTO,A,2021.1,GEORGES DANIEL AMVAME NZE (60h),24T23,30,18,FT LAB.REDES
ENE0306,PRINCÍPIOS DE COMUNICAÇÃO,B,2021.1,LEONARDO AGUAYO (60h),35T45,50,24,FT BT-25/15
ENE0022,PROJETO TRANSVERSAL EM REDES DE COMUNICAÇÃO 1,A,2021.1,UGO SILVA DIAS (60h),2M34 4M34,30,23,FT LAB.REDES
ENE0299,TRABALHO DE CONCLUSÃO DE CURSO 2,65,2021.1,WILLIAM FERREIRA GIOZZA (150h),23456N3,10,1,Virtual
ENE0077,CONTROLE DE SISTEMAS DINÂMICOS,A,2021.1,JOAO YOSHIYUKI ISHIHARA (60h),46M12,30,4,SG-11 A1 57/12
ENE0260,IDENTIFICAÇÃO DE SISTEMAS DINÂMICOS,01A,2021.1,ADOLFO BAUCHSPIESS (60h),35T45,30,2,virtual
ENE0039,SISTEMAS DIGITAIS,C,2021.1,JOAO LUIZ AZEVEDO DE CARVALHO (60h),24M34,64,48,SG-11 A1 57/12
ENE0309,TRABALHO DE CONCLUSÃO DE CURSO 1,50,2021.1,EDUARDO PEIXOTO FERNANDES DA SILVA (30h),7T23,10,1,virtual
ENE0067,SINAIS E SISTEMAS EM TEMPO CONTÍNUO,A,2021.1,LELIO RIBEIRO SOARES JUNIOR (60h),35M34,60,28,FT BT-13/15
ENE0040,LABORATÓRIO DE SISTEMAS DIGITAIS,F,2021.1,LUIS FERNANDO RAMOS MOLINARO (30h),5T45,20,6,A definir
ENE0304,CIRCUITOS ELÉTRICOS,A,2021.1,ALEX DA ROSA (60h),46M12,50,18,FT BT-25/15
ENE0006,LABORATÓRIO DE CONTROLE DE PROCESSOS,A,2021.1,EDUARDO STOCKLER TOGNETTI (30h),2M34,15,16,SG-11 AT -31/12
ENE0074,LABORATÓRIO DE CONVERSÃO DE ENERGIA,E,2021.1,ANESIO DE LELES FERREIRA FILHO (30h),6M34,10,5,SG-11 AT-47/14
ENE0016,GERÊNCIA DE REDES E SISTEMAS,A,2021.1,GEORGES DANIEL AMVAME NZE (60h),24M12,30,21,FT LAB.REDES
ENE0066,INTRODUÇÃO AOS CIRCUITOS ELÉTRICOS,B,2021.1,HUMBERTO ABDALLA JUNIOR (30h),6M34,60,27,FT BT-13/15
ENE0343,PROJETO FINAL DE GRADUAÇÃO 2,E,2021.1,GEORGES DANIEL AMVAME NZE (90h),2345N4 7N3,1,1,Remoto
ENE0309,TRABALHO DE CONCLUSÃO DE CURSO 1,42,2021.1,ALEXANDRE RICARDO SOARES ROMARIZ (30h),7N34,1,1,A definir
ENE0306,PRINCÍPIOS DE COMUNICAÇÃO,A,2021.1,JOAO PAULO LEITE (60h),35M12,50,38,FT BT 52/15
ENE0047,CONVERSÃO ELETROMECÂNICA DE ENERGIA,A,2021.1,IVAN MARQUES DE TOLEDO CAMARGO (60h),24T45,50,20,FT BT-25/15
ENE0054,LABORATÓRIO DE ELETROMAGNETISMO 2,D,2021.1,PLINIO RICARDO GANIME ALVES (30h),4T23,12,13,SG-11 A1 34/15
ENE0309,TRABALHO DE CONCLUSÃO DE CURSO 1,47,2021.1,ALEX DA ROSA (30h),7T23,1,1,A definir
ENE0002,LABORATÓRIO DE ELETRICIDADE BÁSICA,A,2021.1,ALCIDES LEANDRO DA SILVA (30h),2T23,15,13,SG-11 AT-49/14
ENE0289,CIRCUITOS POLIFASICOS,A,2021.1,PABLO EDUARDO CUERVO FRANCO (60h),35M34,50,39,SG-11 A1 57/12
ENE0309,TRABALHO DE CONCLUSÃO DE CURSO 1,49,2021.1,EDSON MINTSU HUNG (30h),7T23,10,2,virtual
ENE0304,CIRCUITOS ELÉTRICOS,B,2021.1,LEONARDO RODRIGUES ARAUJO XAVIER DE MENEZES (60h),35T23,70,30,FT BT-13/15
ENE0167,CONTROLE DIGITAL,A,2021.1,HENRIQUE CEZAR FERREIRA (60h),35M12,60,26,FT BT-34/15
ENE0274,FUNDAMENTOS DE REDES,B,2021.1,FABIO LUCIO LOPES DE MENDONCA (60h),46T45,30,6,a definir
ENE0309,TRABALHO DE CONCLUSÃO DE CURSO 1,40,2021.1,ALCIDES LEANDRO DA SILVA (30h),7T23,1,1,A definir
ENE0078,LABORATÓRIO DE CONTROLE DE SISTEMAS DINÂMICOS,B,2021.1,MARCO ANTONIO FREITAS DO EGITO COELHO (30h),2M34,16,14,SG-11 AT -39/12
ENE0013,ALGORITMOS E ESTRUTURA DE DADOS,B,2021.1,MAX EDUARDO VIZCARRA MELGAR (60h),24T45,30,8,a definir
ENE0079,CONTROLE NO ESPAÇO DE ESTADOS,A,2021.1,JOAO YOSHIYUKI ISHIHARA (60h),24T45,50,30,SG-11 A1 57/12
ENE0342,PROJETO FINAL DE GRADUAÇÃO 1,G,2021.1,IVAN MARQUES DE TOLEDO CAMARGO (30h),2M5 2T1,1,1,Remoto
ENE0074,LABORATÓRIO DE CONVERSÃO DE ENERGIA,A,2021.1,GERSON HENRIQUE PFITSCHER (30h),2T45,10,10,SG-11 AT-47/14
ENE0343,PROJETO FINAL DE GRADUAÇÃO 2,A,2021.1,FLAVIO ELIAS GOMES DE DEUS (90h),234M5 234T,2,1,A definir
ENE0011,LABORATÓRIO DE REDES,A,2021.1,FLAVIO ELIAS GOMES DE DEUS (30h),6M12,30,5,FT LAB.REDES
ENE0342,PROJETO FINAL DE GRADUAÇÃO 1,A,2021.1,LEONARDO AGUAYO (30h),4M5 4T1,2,2,Remoto
ENE0046,LABORATÓRIO DE ELETRÔNICA,E,2021.1,ALEXANDRE RICARDO SOARES ROMARIZ (30h),6T23,20,17,A definir
ENE0066,INTRODUÇÃO AOS CIRCUITOS ELÉTRICOS,A,2021.1,HUMBERTO ABDALLA JUNIOR (30h),6M12,60,11,FT BT-13/15
ENE0005,INSTRUMENTAÇÃO DE CONTROLE DE PROCESSOS,A,2021.1,LELIO RIBEIRO SOARES JUNIOR (60h),35T23,50,27,FT BT 52/15
ENE0039,SISTEMAS DIGITAIS,B,2021.1,ALEXANDRE RICARDO SOARES ROMARIZ (60h),24T45,60,46,SG-11 A1 57/12
ENE0050,LABORATÓRIO DE MATERIAIS ELÉTRICOS E MAGNÉTICOS,A,2021.1,JOSE CAMARGO DA COSTA (30h),4T45,20,19,SG-11 A1 29/15
ENE0063,ESTÁGIO SUPERVISIONADO EM ENGENHARIA DE REDES DE COMUNICAÇÃO,G,2021.1,GEORGES DANIEL AMVAME NZE (180h),7M12345 7T123456 7N1,4,1,Remoto
ENE0282,LABORATÓRIO DE CIRCUITOS ELÉTRICOS,A,2021.1,ACHILES FONTANA DA MOTA (30h),2T23,20,15,A Definir
ENE0299,TRABALHO DE CONCLUSÃO DE CURSO 2,62,2021.1,LOANA NUNES VELASCO (150h),23456N3,10,1,virtual
ENE0056,SISTEMAS MICROPROCESSADOS,B,2021.1,RICARDO ZELENOVSKY (60h),24M12,70,53,FT BT-13/15
ENE0343,PROJETO FINAL DE GRADUAÇÃO 2,28,2021.1,RICARDO ZELENOVSKY (90h),234M5 234T,1,1,remoto
ENE0282,LABORATÓRIO DE CIRCUITOS ELÉTRICOS,F,2021.1,ADONIRAN JUDSON DE BARROS BRAGA (30h),5T45,20,5,A Definir
ENE0299,TRABALHO DE CONCLUSÃO DE CURSO 2,63,2021.1,MYLENE CHRISTINE QUEIROZ DE FARIAS (150h),23456N3,10,1,Virtual
ENE0058,LABORATÓRIO DE SISTEMAS MICROPROCESSADOS,C,2021.1,RICARDO ZELENOVSKY (30h),4M34,21,16,A definir
ENE0309,TRABALHO DE CONCLUSÃO DE CURSO 1,33,2021.1,MYLENE CHRISTINE QUEIROZ DE FARIAS (30h),7T23,1,1,A definir
ENE0068,SINAIS E SISTEMAS EM TEMPO DISCRETO,B,2021.1,FRANCISCO ASSIS DE OLIVEIRA NASCIMENTO (60h),35T45,50,29,FT BT-52/15
ENE0063,ESTÁGIO SUPERVISIONADO EM ENGENHARIA DE REDES DE COMUNICAÇÃO,F,2021.1,WILLIAM FERREIRA GIOZZA (180h),7M1234 7T2345 6N123,4,0,Remoto
ENE0299,TRABALHO DE CONCLUSÃO DE CURSO 2,56,2021.1,GERSON HENRIQUE PFITSCHER (150h),23456N3,1,4,A definir
ENE0054,LABORATÓRIO DE ELETROMAGNETISMO 2,A,2021.1,PLINIO RICARDO GANIME ALVES (30h),2T23,12,13,SG-11 A1 34/15
ENE0299,TRABALHO DE CONCLUSÃO DE CURSO 2,57,2021.1,FLAVIA MARIA GUERRA DE SOUSA ARANHA OLIVEIRA (150h),23456T6 23456N,1,1,A definir
ENE0299,TRABALHO DE CONCLUSÃO DE CURSO 2,43,2021.1,IVAN MARQUES DE TOLEDO CAMARGO (150h),23456N3,1,3,A definir
ENE0299,TRABALHO DE CONCLUSÃO DE CURSO 2,52,2021.1,JOAO PAULO LEITE (150h),23456N3,1,1,A definir
ENE0309,TRABALHO DE CONCLUSÃO DE CURSO 1,44,2021.1,RAFAEL AMARAL SHAYANI (30h),7T23,1,1,A definir
ENE0044,LABORATÓRIO DE CIRCUITOS ELÉTRICOS 1,A,2021.1,MARCELO MENEZES DE CARVALHO (30h),6M12,20,9,A Definir
ENE0001,ELETRICIDADE BÁSICA,B,2021.1,RAFAEL AMARAL SHAYANI (60h),35M12,60,35,SG-11 A1 57/12
ENE0194,ANTENAS,A,2021.1,MARCO ANTONIO BRASIL TERADA (60h),24T6 24N1,40,23,A Definir
ENE0063,ESTÁGIO SUPERVISIONADO EM ENGENHARIA DE REDES DE COMUNICAÇÃO,B,2021.1,DANIEL GUERREIRO E SILVA (180h),7M1234 7T2345 6N123,4,2,Remoto
ENE0295,LABORATÓRIO DE PRINCÍPIOS DE COMUNICAÇÃO,A,2021.1,LEONARDO AGUAYO (30h),2M12,20,16,SG-11 A1-09/12
ENE0309,TRABALHO DE CONCLUSÃO DE CURSO 1,51,2021.1,FLAVIA MARIA GUERRA DE SOUSA ARANHA OLIVEIRA (30h),7T23,10,1,virtual
ENE0011,LABORATÓRIO DE REDES,B,2021.1,FLAVIO ELIAS GOMES DE DEUS (30h),6M34,30,13,Remoto
ENE0046,LABORATÓRIO DE ELETRÔNICA,C,2021.1,JOSE ONIRAM DE AQUINO LIMAVERDE FILHO (30h),3T23,20,5,A definir
ENE0295,LABORATÓRIO DE PRINCÍPIOS DE COMUNICAÇÃO,C,2021.1,ADONIRAN JUDSON DE BARROS BRAGA (30h),2T23,20,13,SG-11 A1-09/12
ENE0046,LABORATÓRIO DE ELETRÔNICA,D,2021.1,JOSE ONIRAM DE AQUINO LIMAVERDE FILHO (30h),5M34,21,21,A definir
ENE0342,PROJETO FINAL DE GRADUAÇÃO 1,I,2021.1,MARCELO MENEZES DE CARVALHO (30h),2M5 2T1,1,1,Remoto
ENE0038,LABORATÓRIO DE CIRCUITOS ELÉTRICOS 2,B,2021.1,JOSE ALFREDO RUIZ VARGAS (30h),5T6 5N1,20,18,A Definir
ENE0002,LABORATÓRIO DE ELETRICIDADE BÁSICA,C,2021.1,ALCIDES LEANDRO DA SILVA (30h),3T23,15,15,SG-11 AT-49/14
ENE0040,LABORATÓRIO DE SISTEMAS DIGITAIS,D,2021.1,LUIS FERNANDO RAMOS MOLINARO (30h),6M34,20,13,A definir
ENE0342,PROJETO FINAL DE GRADUAÇÃO 1,F,2021.1,JOAO JOSE DA SILVA JUNIOR (15h),3M5 3T1,1,1,REMOTO
ENE0299,TRABALHO DE CONCLUSÃO DE CURSO 2,58,2021.1,ALEXANDRE RICARDO SOARES ROMARIZ (150h),23456N3,10,1,virtual
ENE0299,TRABALHO DE CONCLUSÃO DE CURSO 2,44,2021.1,FERNANDO CARDOSO MELO (150h),23456N3,1,3,A definir
ENE0282,LABORATÓRIO DE CIRCUITOS ELÉTRICOS,B,2021.1,ACHILES FONTANA DA MOTA (30h),2T45,20,8,A Definir
ENE0073,LABORATÓRIO DE SISTEMAS ELÉTRICOS DE POTÊNCIA,A,2021.1,KLEBER MELO E SILVA (30h),2T23,16,13,SG-11 AT-47/14
ENE0282,LABORATÓRIO DE CIRCUITOS ELÉTRICOS,D,2021.1,JOSE ONIRAM DE AQUINO LIMAVERDE FILHO (30h),3T6 3N1,20,3,A Definir
ENE0295,LABORATÓRIO DE PRINCÍPIOS DE COMUNICAÇÃO,D,2021.1,ADONIRAN JUDSON DE BARROS BRAGA (30h),2T45,20,6,SG-11 A1-09/12
ENE0074,LABORATÓRIO DE CONVERSÃO DE ENERGIA,B,2021.1,GERSON HENRIQUE PFITSCHER (30h),4T45,10,10,SG-11 AT-47/14
ENE0078,LABORATÓRIO DE CONTROLE DE SISTEMAS DINÂMICOS,D,2021.1,MARCO ANTONIO FREITAS DO EGITO COELHO (30h),3T45,16,4,SG-11 AT -39/12
ENE0038,LABORATÓRIO DE CIRCUITOS ELÉTRICOS 2,A,2021.1,JOSE ALFREDO RUIZ VARGAS (30h),5T23,20,13,A Definir
ENE0282,LABORATÓRIO DE CIRCUITOS ELÉTRICOS,E,2021.1,ADONIRAN JUDSON DE BARROS BRAGA (30h),5M12,20,6,A Definir
ENE0299,TRABALHO DE CONCLUSÃO DE CURSO 2,53,2021.1,LEONARDO RODRIGUES ARAUJO XAVIER DE MENEZES (150h),23456N3,1,1,A definir
ENE0024,PROJETO TRANSVERSAL EM REDES DE COMUNICAÇÃO 2,A,2021.1,ALEXANDRE SOLON NERY (60h),35T6 35N1,40,19,A definir
ENE0342,PROJETO FINAL DE GRADUAÇÃO 1,D,2021.1,PAULO ROBERTO DE LIRA GONDIM (30h),2M5 2T1,2,1,Remoto
ENE0209,PROCESSAMENTO DIGITAL DE IMAGENS,A,2021.1,MYLENE CHRISTINE QUEIROZ DE FARIAS (60h),35T45,35,15,A Definir
ENE0068,SINAIS E SISTEMAS EM TEMPO DISCRETO,C,2021.1,JOAO PAULO LEITE (60h),24T23,30,21,FT BT-34/15
ENE0309,TRABALHO DE CONCLUSÃO DE CURSO 1,55,2021.1,PABLO EDUARDO CUERVO FRANCO (30h),7T23,10,3,virtual
ENE0299,TRABALHO DE CONCLUSÃO DE CURSO 2,59,2021.1,ANESIO DE LELES FERREIRA FILHO (150h),23456N3,10,1,virtual
ENE0334,COMPUTACAO PARA ENGENHARIA,B,2021.1,VINICIUS PEREIRA GONCALVES (60h),24M34,35,21,Remoto
ENE0274,FUNDAMENTOS DE REDES,A,2021.1,MAX EDUARDO VIZCARRA MELGAR (60h),24T23,30,14,FT BT 43/15
ENE0058,LABORATÓRIO DE SISTEMAS MICROPROCESSADOS,B,2021.1,EDSON MINTSU HUNG (30h),3M12,20,13,A definir
ENE0026,INTRODUÇÃO A ENGENHARIA DE REDES DE COMUNICACÃO,A,2021.1,DANIEL GUERREIRO E SILVA (30h),2T23,50,42,FT BT-25/15
ENE0299,TRABALHO DE CONCLUSÃO DE CURSO 2,48,2021.1,RICARDO ZELENOVSKY (150h),23456N3,1,4,A definir
ENE0091,SISTEMAS OPERACIONAIS DE REDES,A,2021.1,ALEXANDRE SOLON NERY (60h),35M12,30,11,FT LAB.REDES
ENE0049,MATERIAIS ELÉTRICOS E MAGNÉTICOS,A,2021.1,ARTEMIS MARTI CESCHIN (60h),2M34 4M34,50,0,FT BT 52/15
ENE0251,TRANSMISSAO DE ENERGIA ELETRICA,A,2021.1,FRANCISCO DAMASCENO FREITAS (60h),46M34,40,18,A Definir
ENE0050,LABORATÓRIO DE MATERIAIS ELÉTRICOS E MAGNÉTICOS,B,2021.1,JOSE CAMARGO DA COSTA (30h),6M12,20,20,SG-11 A1 29/15
ENE0066,INTRODUÇÃO AOS CIRCUITOS ELÉTRICOS,C,2021.1,HUMBERTO ABDALLA JUNIOR (30h),2T23,40,20,FT BT 52/15
ENE0021,TÓPICOS EM REDES DE COMUNICAÇÃO 3,B,2021.1,RAFAEL RABELO NUNES (30h),6N12,25,17,Remoto
ENE0002,LABORATÓRIO DE ELETRICIDADE BÁSICA,B,2021.1,ALCIDES LEANDRO DA SILVA (30h),2T45,15,13,SG-11 AT-49/14
ENE0090,SEGURANÇA DE REDES,A,2021.1,RAFAEL TIMOTEO DE SOUSA JUNIOR (60h),35T45,30,18,FT LAB.REDES
ENE0064,REDES SEM FIO,A,2021.1,PAULO ROBERTO DE LIRA GONDIM (60h),24T23,30,6,a definir
ENE0299,TRABALHO DE CONCLUSÃO DE CURSO 2,51,2021.1,RAFAEL AMARAL SHAYANI (150h),23456N3,2,2,A definir
ENE0299,TRABALHO DE CONCLUSÃO DE CURSO 2,55,2021.1,ALEX DA ROSA (150h),23456N3,1,0,A definir
ENE0354,PROJETO FINAL DE GRADUAÇÃO 1,A,2021.1,ALCIDES LEANDRO DA SILVA (30h),7N34,4,1,virtual
ENE0342,PROJETO FINAL DE GRADUAÇÃO 1,M,2021.1,FRANCISCO ASSIS DE OLIVEIRA NASCIMENTO (30h),7N34,2,1,Remoto
ENE0077,CONTROLE DE SISTEMAS DINÂMICOS,B,2021.1,HENRIQUE CEZAR FERREIRA (60h),35T23,30,16,FT BT-25/15
ENE0058,LABORATÓRIO DE SISTEMAS MICROPROCESSADOS,E,2021.1,RICARDO ZELENOVSKY (30h),2T45,21,15,A definir
ENE0017,AVALIAÇÃO DE DESEMPENHO DE REDES E SISTEMAS,A,2021.1,WILLIAM FERREIRA GIOZZA (30h),46M34,30,22,FT LAB.REDES
ENE0309,TRABALHO DE CONCLUSÃO DE CURSO 1,54,2021.1,MARCO ANTONIO BRASIL TERADA (30h),7T23,10,1,virtual
ENE0309,TRABALHO DE CONCLUSÃO DE CURSO 1,53,2021.1,JONES YUDI MORI ALVES DA SILVA (30h),7T23,10,1,virtual
ENE0282,LABORATÓRIO DE CIRCUITOS ELÉTRICOS,C,2021.1,ADONIRAN JUDSON DE BARROS BRAGA (30h),3M12,20,13,A Definir
ENE0342,PROJETO FINAL DE GRADUAÇÃO 1,F,2021.1,GEORGES DANIEL AMVAME NZE (15h),3M5 3T1,1,1,REMOTO
ENE0037,CIRCUITOS ELÉTRICOS 2,A,2021.1,ALEX DA ROSA (60h),35M34,60,50,FT BT-52/15
ENE0058,LABORATÓRIO DE SISTEMAS MICROPROCESSADOS,D,2021.1,EDSON MINTSU HUNG (30h),5M12,20,11,A definir
ENE0332,TOPICOS EM ENGENHARIA,B,2021.1,RENATO ALVES BORGES (60h),35M12,40,3,A definir
ENE0046,LABORATÓRIO DE ELETRÔNICA,B,2021.1,ADSON FERREIRA DA ROCHA (30h),2M34,20,20,A Definir
ENE0046,LABORATÓRIO DE ELETRÔNICA,A,2021.1,ADSON FERREIRA DA ROCHA (30h),2M12,20,23,A Definir
ENE0177,ELETROMAGNETISMO 1,A,2021.1,ACHILES FONTANA DA MOTA (60h),35T45,60,43,FT BT 43/15
ENE0067,SINAIS E SISTEMAS EM TEMPO CONTÍNUO,B,2021.1,JOAO LUIZ AZEVEDO DE CARVALHO (60h),24T45,60,56,FT BT-13/15
ENE0042,CIRCUITOS ELÉTRICOS 1,A,2021.1,DANIEL ORQUIZA DE CARVALHO (60h),24T45,40,24,FT BT-43/15
ENE0309,TRABALHO DE CONCLUSÃO DE CURSO 1,48,2021.1,GERSON HENRIQUE PFITSCHER (30h),7T23,2,4,A definir
ENE0045,ELETRÔNICA,B,2021.1,GEOVANY ARAUJO BORGES (60h),24T23,70,46,FT BT-13/15
ENE0299,TRABALHO DE CONCLUSÃO DE CURSO 2,60,2021.1,DIBIO LEANDRO BORGES (150h),23456N3,10,1,virtual
ENE0039,SISTEMAS DIGITAIS,A,2021.1,EDSON MINTSU HUNG (60h),35T45,60,7,SG-11 A1 57/12
ENE0063,ESTÁGIO SUPERVISIONADO EM ENGENHARIA DE REDES DE COMUNICAÇÃO,H,2021.1,RAFAEL TIMOTEO DE SOUSA JUNIOR (180h),7M1234 7T2345 6N123,4,1,Remoto
ENE0202,SISTEMAS DE COMUNICACOES 1,A,2021.1,MARCO ANTONIO BRASIL TERADA (60h),3T45 5T45,50,13,FT BT-34/15
ENE0088,SISTEMAS DE INFORMAÇÃO DISTRIBUÍDOS,A,2021.1,RICARDO STACIARINI PUTTINI (60h),24T6 24N1,30,14,FT LAB.REDES
ENE0074,LABORATÓRIO DE CONVERSÃO DE ENERGIA,C,2021.1,GERSON HENRIQUE PFITSCHER (30h),5T45,10,10,SG-11 AT-47/14
ENE0344,COMUNICAÇÕES MÓVEIS,A,2021.1,PAULO HENRIQUE PORTELA DE CARVALHO (60h),35T23,20,3,A definir
ENE0342,PROJETO FINAL DE GRADUAÇÃO 1,H,2021.1,JOAO JOSE COSTA GONDIM (30h),7N34,1,1,Remoto
ENE0002,LABORATÓRIO DE ELETRICIDADE BÁSICA,D,2021.1,ALCIDES LEANDRO DA SILVA (30h),3T45,15,11,SG-11 AT-49/14
ENE0070,ESTÁGIO SUPERVISIONADO EM ENGENHARIA ELÉTRICA,A,2021.1,EDUARDO PEIXOTO FERNANDES DA SILVA (180h),2M5 3M5 4M5 5M5 6M5 7M5 2T1 3T1 4T1 5T1 6T1 7T,0,36,A definir
ENE0343,PROJETO FINAL DE GRADUAÇÃO 2,C,2021.1,ALCIDES LEANDRO DA SILVA (90h),234567T,2,1,A definir
ENE0299,TRABALHO DE CONCLUSÃO DE CURSO 2,66,2021.1,RICARDO ZELENOVSKY (150h),23456M5 23456T,1,1,remoto
ENE0352,REDES LOCAIS,A,2021.1,WILLIAM FERREIRA GIOZZA (60h),46M12,30,20,FT BT-16/15
ENE0072,LABORATÓRIO DE INSTALAÇÕES ELÉTRICAS,D,2021.1,AMAURI GUTIERREZ MARTINS BRITTO (30h),6T45,12,5,SG-11 AT-49/14
ENE0343,PROJETO FINAL DE GRADUAÇÃO 2,D,2021.1,RAFAEL TIMOTEO DE SOUSA JUNIOR (90h),2N34 35N1,2,1,Remoto
ENE0332,TOPICOS EM ENGENHARIA,06,2021.1,ADOLFO BAUCHSPIESS (60h),46M34,30,11,virtual
ENE0276,METODOLOGIA E DESENVOLVIMENTO DE SOFTWARE,A,2021.1,RICARDO STACIARINI PUTTINI (60h),24T45,30,8,Remoto
ENE0054,LABORATÓRIO DE ELETROMAGNETISMO 2,B,2021.1,PLINIO RICARDO GANIME ALVES (30h),2T45,12,11,SG-11 A1 34/15
ENE0040,LABORATÓRIO DE SISTEMAS DIGITAIS,C,2021.1,LUIS FERNANDO RAMOS MOLINARO (30h),6M12,21,11,A definir
ENE0004,CONTROLE DE PROCESSOS,A,2021.1,EDUARDO STOCKLER TOGNETTI (60h),2M12 4M12,50,43,FT BT-34/15
ENE0015,FUNDAMENTOS DE REDES 2,A,2021.1,FABIO LUCIO LOPES DE MENDONCA (60h),24M12,40,17,FT BT 43/15
ENE0048,LABORATÓRIO DE CONVERSÃO ELETROMECÂNICA DE ENERGIA,A,2021.1,ANESIO DE LELES FERREIRA FILHO (30h),3T23,10,7,SG-11 AT-47/14
ENE0071,INSTALAÇÕES ELÉTRICAS,B,2021.1,FRANCIS ARODY MORENO VASQUEZ (60h),35M34,20,9,FT BT-16/15
ENE0045,ELETRÔNICA,A,2021.1,JOSE EDIL GUIMARAES DE MEDEIROS (60h),35M12,70,61,FT BT-13/15
ENE0040,LABORATÓRIO DE SISTEMAS DIGITAIS,B,2021.1,DANIEL CHAVES CAFE (30h),2T23,22,16,A definir
ENE0072,LABORATÓRIO DE INSTALAÇÕES ELÉTRICAS,B,2021.1,FERNANDO CARDOSO MELO (30h),5T45,12,9,SG-11 AT-49/14
ENE0044,LABORATÓRIO DE CIRCUITOS ELÉTRICOS 1,B,2021.1,MARCELO MENEZES DE CARVALHO (30h),6M34,20,16,A Definir
ENE0040,LABORATÓRIO DE SISTEMAS DIGITAIS,E,2021.1,LUIS FERNANDO RAMOS MOLINARO (30h),3T45,20,11,A definir
ENE0006,LABORATÓRIO DE CONTROLE DE PROCESSOS,B,2021.1,EDUARDO STOCKLER TOGNETTI (30h),3T45,15,9,SG-11 AT -31/12
ENE0078,LABORATÓRIO DE CONTROLE DE SISTEMAS DINÂMICOS,A,2021.1,MARCO ANTONIO FREITAS DO EGITO COELHO (30h),2M12,16,7,SG-11 AT -39/12
ENE0262,COMUNICACOES DIGITAIS,A,2021.1,PAULO HENRIQUE PORTELA DE CARVALHO (60h),24T45,50,27,FT BT-34/15
ENE0017,AVALIAÇÃO DE DESEMPENHO DE REDES E SISTEMAS,A,2021.1,FABIO LUCIO LOPES DE MENDONCA (30h),46M34,30,22,FT LAB.REDES
ENE0240,CONTROLE PARA AUTOMAÇÃO,A,2021.1,JOSE ONIRAM DE AQUINO LIMAVERDE FILHO (60h),46M12,50,27,FT BT 52/15
ENE0309,TRABALHO DE CONCLUSÃO DE CURSO 1,37,2021.1,FERNANDO CARDOSO MELO (30h),7T23,1,5,A definir
ENE0063,ESTÁGIO SUPERVISIONADO EM ENGENHARIA DE REDES DE COMUNICAÇÃO,E,2021.1,FLAVIO ELIAS GOMES DE DEUS (180h),7M1234 7T2345 6N123,4,2,Remoto
ENE0343,PROJETO FINAL DE GRADUAÇÃO 2,G,2021.1,WILLIAM FERREIRA GIOZZA (90h),2345N4 7N3,1,1,Remoto
ENE0299,TRABALHO DE CONCLUSÃO DE CURSO 2,50,2021.1,ADSON FERREIRA DA ROCHA (150h),23456N3,1,1,A definir
ENE0177,ELETROMAGNETISMO 1,B,2021.1,FRANKLIN DA COSTA SILVA (60h),24T45,50,40,FT BT 52/15
ENE0073,LABORATÓRIO DE SISTEMAS ELÉTRICOS DE POTÊNCIA,B,2021.1,KLEBER MELO E SILVA (30h),5T23,16,9,SG-11 AT-47/14
ENE0063,ESTÁGIO SUPERVISIONADO EM ENGENHARIA DE REDES DE COMUNICAÇÃO,C,2021.1,UGO SILVA DIAS (180h),7M1234 7T2345 6N123,4,2,Remoto
ENE0063,ESTÁGIO SUPERVISIONADO EM ENGENHARIA DE REDES DE COMUNICAÇÃO,A,2021.1,VINICIUS PEREIRA GONCALVES (180h),7M1234 7T2345 6N123,4,2,Remoto
ENE0053,ELETROMAGNETISMO 2,A,2021.1,FRANKLIN DA COSTA SILVA (60h),35T23,50,48,FT BT-25/15
ENE0332,TOPICOS EM ENGENHARIA,A,2021.1,FLAVIA MARIA GUERRA DE SOUSA ARANHA OLIVEIRA (60h),24N23,40,19,A definir
ENE0048,LABORATÓRIO DE CONVERSÃO ELETROMECÂNICA DE ENERGIA,C,2021.1,ANESIO DE LELES FERREIRA FILHO (30h),5T23,10,9,SG-11 AT-47/14
ENE0072,LABORATÓRIO DE INSTALAÇÕES ELÉTRICAS,A,2021.1,FERNANDO CARDOSO MELO (30h),5T23,12,10,SG-11 AT-49/14
ENE0295,LABORATÓRIO DE PRINCÍPIOS DE COMUNICAÇÃO,B,2021.1,LEONARDO AGUAYO (30h),2M34,20,25,SG-11 A1-09/12
ENE0058,LABORATÓRIO DE SISTEMAS MICROPROCESSADOS,A,2021.1,EDUARDO PEIXOTO FERNANDES DA SILVA (30h),6M34,20,14,A definir
ENE0056,SISTEMAS MICROPROCESSADOS,A,2021.1,EDUARDO PEIXOTO FERNANDES DA SILVA (60h),35T45,70,39,FT BT-13/15
ENE0342,PROJETO FINAL DE GRADUAÇÃO 1,E,2021.1,GEORGES DANIEL AMVAME NZE (30h),2M5 2T1,4,3,Remoto
ENE0001,ELETRICIDADE BÁSICA,A,2021.1,RAFAEL AMARAL SHAYANI (60h),35T6 35N1,70,45,FT BT-13/15
ENE0077,CONTROLE DE SISTEMAS DINÂMICOS,C,2021.1,RENATO ALVES BORGES (60h),35M34,30,28,A definir
ENE0211,TEORIA DA INFORMACAO,A,2021.1,MAX EDUARDO VIZCARRA MELGAR (60h),35T23,30,24,a definir
ENE0021,TÓPICOS EM REDES DE COMUNICAÇÃO 3,A,2021.1,FABIO LUCIO LOPES DE MENDONCA (30h),2M34,30,4,FT LAB.REDES
ENE0068,SINAIS E SISTEMAS EM TEMPO DISCRETO,A,2021.1,MYLENE CHRISTINE QUEIROZ DE FARIAS (60h),35M34,50,27,FT BT-34/15
ENE0013,ALGORITMOS E ESTRUTURA DE DADOS,A,2021.1,VINICIUS PEREIRA GONCALVES (60h),35M34,30,9,Remoto
ENE0342,PROJETO FINAL DE GRADUAÇÃO 1,C,2021.1,FLAVIO ELIAS GOMES DE DEUS (30h),3M12,2,1,Remoto
ENE0007,REDES DE TELECOMUNICAÇÕES,A,2021.1,MAX EDUARDO VIZCARRA MELGAR (60h),35M34,30,15,Remoto
ENE0299,TRABALHO DE CONCLUSÃO DE CURSO 2,42,2021.1,FRANCIS ARODY MORENO VASQUEZ (150h),23456N3,1,6,A definir
ENE0072,LABORATÓRIO DE INSTALAÇÕES ELÉTRICAS,C,2021.1,AMAURI GUTIERREZ MARTINS BRITTO (30h),6T23,12,7,SG-11 AT-49/14
ENE0078,LABORATÓRIO DE CONTROLE DE SISTEMAS DINÂMICOS,E,2021.1,JOSE ONIRAM DE AQUINO LIMAVERDE FILHO (30h),5T45,16,5,SG-11 AT-39/12
ENE0048,LABORATÓRIO DE CONVERSÃO ELETROMECÂNICA DE ENERGIA,B,2021.1,ANESIO DE LELES FERREIRA FILHO (30h),3T45,10,11,SG-11 AT-47/14
ENE0309,TRABALHO DE CONCLUSÃO DE CURSO 1,52,2021.1,FRANCISCO DAMASCENO FREITAS (30h),7T23,10,1,virtual
ENE0054,LABORATÓRIO DE ELETROMAGNETISMO 2,C,2021.1,PLINIO RICARDO GANIME ALVES (30h),4M12,12,11,SG-11 A1 34/15