Código,Nome,Turma,Ano-Período,Docente,Horário,Qtde Vagas Ofertadas,Qtde Vagas Ocupadas,Local
MAT0025,CÁLCULO 1,N,2021.1,WANG QIAOLING (60h),234M34,80,50,ICC ANF.18 E ICC ANF.19 E PAT AT 012
MAT0069,SEMINARIO DE TOPICOS EM GEOMETRIA,A,2021.1,NILTON MOURA BARROSO NETO (60h),24T23,40,8,remoto
MAT0026,CÁLCULO 2,D,2021.1,LUCAS CONQUE SECO FERREIRA (90h),246T23,71,31,ICC ANF. 7 E ICC ANF. 8
MAT0026,CÁLCULO 2,C,2021.1,HELDER DE CARVALHO MATOS (90h),235M34,70,44,ICC ANF. 7 E ICC ANF. 8
MAT0031,INTRODUCAO A ALGEBRA LINEAR,M,2021.1,EMERSON FERREIRA DE MELO (60h),35N12,70,57,darcy ribeiro
MAT0025,CÁLCULO 1,P,2021.1,GLAUCIA LENITA DIERINGS (60h),2N12 35N34,80,55,virtual
MAT0053,CALCULO NUMERICO,B,2021.1,YURI DUMARESQ SOBRAL (60h),35T23,70,42,ICC ANF. 5
MAT0026,CÁLCULO 2,J,2021.1,HELDER DE CARVALHO MATOS (90h),3N34 56N12,70,32,ICC ANF. 2 E ICC ANF. 4
MAT0022,MATEMATICA 1,B,2021.1,HENRIQUE COSTA DOS REIS (30h),24T45,80,44,ICC ANF.12 E ICC ANF. 3
MAT0002,TÓPICOS DE EDUCAÇÃO MATEMÁTICA,02A,2021.1,REGINA DA SILVA PINA NEVES (60h),24N12,50,20,remoto
MAT0075,CALCULO DE PROBABILIDADE 1,A,2021.1,DANIELE DA SILVA BARATELA MARTINS NETO (90h),235M34,50,44,ICC ASS 432/10
MAT0010,GEOMETRIA ANALÍTICA PARA MATEMÁTICA,A,2021.1,PEDRO ROITMAN (60h),35T45,50,30,virtual
MAT0087,SEMINARIO TOPICOS ESPECIAIS,C,2021.1,LUCIANA MARIA DIAS DE AVILA RODRIGUES (30h),4M5 4T1,14,14,Darcy Ribeiro
MAT0022,MATEMATICA 1,B,2021.1,LEANDRO MARTINS CIOLETTI (30h),24T45,80,44,ICC ANF.12 E ICC ANF. 3
MAT0025,CÁLCULO 1,T,2021.1,WILLIAN CINTRA DA SILVA (60h),246N12,80,55,ICC ANF. 8
MAT0025,CÁLCULO 1,C,2021.1,RUI SEIMETZ (60h),356M12,80,47,ICC ANF.12 E ICC ANF. 6
MAT0023,MATEMATICA 2,C,2021.1,HENRIQUE COSTA DOS REIS (60h),35T23,65,56,remoto
MAT0026,CÁLCULO 2,H,2021.1,LUIS ROBERTO LUCINGER DE ALMEIDA (90h),2N12 35N34,70,37,ICC ANF. 3 E ICC ANF. 8
MAT0031,INTRODUCAO A ALGEBRA LINEAR,K,2021.1,ALINE GOMES DA SILVA PINTO (60h),35T45,70,45,ICC ANF.18
MAT0026,CÁLCULO 2,E,2021.1,ANGEL RODOLFO BAIGORRI (90h),2N12 35N34,70,47,ICC ANF. 4 E ICC ANF. 6
MAT0031,INTRODUCAO A ALGEBRA LINEAR,H,2021.1,VICTOR PETROGRADSKIY (60h),46M34,70,46,ICC ANF. 8
MAT0045,ANALISE 1,B,2021.1,LILIANE DE ALMEIDA MAIA (60h),24M12,40,45,ICC ASS 432/10 E ICC ASS 433/10
MAT0025,CÁLCULO 1,Y,2021.1,ROBERTO OSCAR GANDULFO (60h),246M12,80,43,ICC ANF.12 E ICC ANF. 4
MAT0025,CÁLCULO 1,E,2021.1,LUCIANA MARIA DIAS DE AVILA RODRIGUES (60h),246T23,40,22,virtual
MAT0027,CÁLCULO 3,02A,2021.1,YEVSEY YEHOSHUA SOBOLEVSKY (90h),235T45,80,0,Remoto - FGA
MAT0111,GEOMETRIA 1,A,2021.1,GUY GREBOT (60h),24M12,50,18,ASS 421/10
MAT0028,VARIAVEL COMPLEXA 1,A,2021.1,ARY VASCONCELOS MEDINO (90h),235T23,65,60,ICC ANF. 2
MAT0106,ANALISE 3,A,2021.1,JAQUELINE GODOY MESQUITA (60h),35M34,40,13,remoto
MAT0025,CÁLCULO 1,Y,2021.1,ALINE GOMES DA SILVA PINTO (30h),246M12,80,43,ICC ANF.12 E ICC ANF. 4
MAT0022,MATEMATICA 1,E,2021.1,TARCISIO CASTRO SILVA (30h),24N12,80,56,ICC ANF.12 E ICC ANF.16
MAT0025,CÁLCULO 1,SA,2021.1,ADAIL DE CASTRO CAVALHEIRO (30h),246M5 246T1,35,26,ICC ASS 415/10
MAT0022,MATEMATICA 1,E,2021.1,GLAUCIA LENITA DIERINGS (30h),24N12,80,56,ICC ANF.12 E ICC ANF.16
MAT0022,MATEMATICA 1,I,2021.1,EDUARDO ANTONIO DA SILVA (30h),46N12,80,28,BSA N A1 19/41 E ICC ANF.12
MAT0031,INTRODUCAO A ALGEBRA LINEAR,L,2021.1,IRINA SVIRIDOVA (60h),46M34,70,47,ICC ANF.12
MAT0131,GEOMETRIA PARA O ENSINO 2,B,2021.1,CLEYTON HERCULES GONTIJO (90h),7M34 3N1234,32,10,ASS 451/10
MAT0026,CÁLCULO 2,F,2021.1,LUIS ROBERTO LUCINGER DE ALMEIDA (90h),356M12,70,19,ICC ANF. 3 E ICC ANF. 7
MAT0022,MATEMATICA 1,N,2021.1,TARCISIO CASTRO SILVA (30h),24N12,80,55,BSA S BT 26/13 E ICC ANF.12
MAT0031,INTRODUCAO A ALGEBRA LINEAR,B,2021.1,ALBERTO MASAYOSHI FARIA OHASHI (60h),35T45,70,52,ICC ANF. 3
MAT0025,CÁLCULO 1,SE,2021.1,EMERSON FERREIRA DE MELO (30h),7M1234 4N12,35,19,BSA S B2 26/17
MAT0025,CÁLCULO 1,SD,2021.1,JOSE ANTONIO OLIVEIRA DE FREITAS (30h),7M1234 4N12,35,20,MAT ASS 402/10
MAT0026,CÁLCULO 2,03A,2021.1,LINDOMAR BOMFIM DE CARVALHO DE JESUS (90h),356T23,100,12,Remoto - FGA
MAT0045,ANALISE 1,A,2021.1,MA TO FU (60h),24M12,40,46,remoto
MAT0027,CÁLCULO 3,E,2021.1,RADERSON RODRIGUES DA SILVA (90h),235M34,70,65,BSA S B2 54/10
MAT0053,CALCULO NUMERICO,E,2021.1,CARLOS MABER CARRION RIVEROS (60h),24M12,70,63,ICC ANF. 5
MAT0022,MATEMATICA 1,A,2021.1,ANDREA GENOVESE DE OLIVEIRA (30h),24T45,80,54,ICC ANF.12
MAT0031,INTRODUCAO A ALGEBRA LINEAR,A,2021.1,PEDRO ROITMAN (60h),24T45,70,39,ICC ANF. 2
MAT0025,CÁLCULO 1,H,2021.1,MARCELO FERNANDES FURTADO (30h),356M12,80,45,BSA N A1 60/09 E ICC ANF.12
MAT0027,CÁLCULO 3,04A,2021.1,LUIZ CLAUDIO PEREIRA (90h),2M1234 4M12,40,8,FUP
MAT0025,CÁLCULO 1,B,2021.1,LUCIANA MARIA DIAS DE AVILA RODRIGUES (30h),246T23,80,40,ICC ANF.12 E ICC ANF. 3
MAT0027,CÁLCULO 3,J,2021.1,RICARDO PARREIRA DA SILVA (90h),356M12,70,66,BSA S B2 41/13 E BSA S B2 47/13
MAT0026,CÁLCULO 2,B,2021.1,ANGEL RODOLFO BAIGORRI (90h),235M34,70,44,ICC ANF. 3 E ICC ANF. 5
MAT0026,CÁLCULO 2,A,2021.1,CELIUS ANTONIO MAGALHAES (90h),235M12,70,13,ICC ANF. 8
MAT0022,MATEMATICA 1,A,2021.1,LEANDRO MARTINS CIOLETTI (30h),24T45,80,54,ICC ANF.12
MAT0025,CÁLCULO 1,M,2021.1,GUY GREBOT (60h),235M34,80,44,ICC ANF. 7 E ICC ANF. 8
MAT0027,CÁLCULO 3,01A,2021.1,TATIANE DA SILVA EVANGELISTA (90h),235M34,80,77,Remoto - FGA
MAT0010,GEOMETRIA ANALÍTICA PARA MATEMÁTICA,B,2021.1,TARCISIO CASTRO SILVA (60h),2N34 4N12,51,40,ICC ASS 433/10
MAT0027,CÁLCULO 3,G,2021.1,ANDRE CALDAS DE SOUZA (90h),356M12,71,23,BSA S A2 16/22
MAT0050,GEOMETRIA DIFERENCIAL 1,A,2021.1,JOAO PAULO DOS SANTOS (60h),35T23,40,13,Darcy ribeiro
MAT0025,CÁLCULO 1,J,2021.1,ADAIL DE CASTRO CAVALHEIRO (30h),246T23,80,50,ICC ANF.19
MAT0027,CÁLCULO 3,B,2021.1,CLAUS AKIRA MATSUSHIGUE (90h),356M12,70,24,ICC ANF.18
MAT0025,CÁLCULO 1,A,2021.1,ALINE GOMES DA SILVA PINTO (30h),235M34,80,52,BSA N AT 09/41 E BSA S A1 16/22 E ICC ANF.12
MAT0026,CÁLCULO 2,L,2021.1,HENRIQUE COSTA DOS REIS (90h),235M12,70,21,BSA N A1 22/4
MAT0025,CÁLCULO 1,04A,2021.1,RONNI GERALDO GOMES DE AMORIM (90h),235T23,130,77,Remoto - FGA
MAT0023,MATEMATICA 2,A,2021.1,MANUELA CAETANO MARTINS DE REZENDE (60h),46T23,65,52,ICC ANF. 2
MAT0026,CÁLCULO 2,G,2021.1,LUIZ DE OLIVEIRA AMORIM (90h),235M12,70,59,ICC ANF. 4 E ICC ANF. 6
MAT0031,INTRODUCAO A ALGEBRA LINEAR,04A,2021.1,TAIS CALLIERO TOGNETTI (60h),35M5 35T1,100,41,Remoto - FGA
MAT0026,CÁLCULO 2,K,2021.1,KELLCIO OLIVEIRA ARAUJO (90h),246T23,70,27,ICC ANF.13
MAT0031,INTRODUCAO A ALGEBRA LINEAR,I,2021.1,ALEXEI KRASSILNIKOV (60h),35T45,70,49,ICC ANF.15
MAT0026,CÁLCULO 2,M,2021.1,MAURO MORAES ALVES PATRAO (90h),235M34,70,42,darcy ribeiro
MAT0022,MATEMATICA 1,H,2021.1,ANDREA GENOVESE DE OLIVEIRA (30h),35M12,80,58,ICC ANF.16 E ICC ANF. 3
MAT0122,ÁLGEBRA PARA O ENSINO 1,B,2021.1,RUI SEIMETZ (90h),2T23 3T2345,32,29,ASS 421/10
MAT0025,CÁLCULO 1,K,2021.1,KELLCIO OLIVEIRA ARAUJO (60h),2N12 35N34,80,47,virtual
MAT0025,CÁLCULO 1,05A,2021.1,RICARDO RAMOS FRAGELLI (90h),246M34,130,98,Remoto - FGA
MAT0023,MATEMATICA 2,B,2021.1,MANUELA CAETANO MARTINS DE REZENDE (60h),35T23,65,55,ICC ANF. 6
MAT0114,GEOMETRIA 2,A,2021.1,NILTON MOURA BARROSO NETO (60h),2N34 4N12,70,81,ICC ASS 432/10
MAT0022,MATEMATICA 1,K,2021.1,TARCISIO CASTRO SILVA (30h),2N12 6N34,80,19,ICC ANF.12
MAT0031,INTRODUCAO A ALGEBRA LINEAR,J,2021.1,VICTOR PETROGRADSKIY (60h),24T45,70,23,ICC ANF. 8
MAT0025,CÁLCULO 1,D,2021.1,MARTINO GARONZI (30h),235M34,80,55,ICC ANF. 2 E ICC ANF. 8
MAT0025,CÁLCULO 1,42,2021.1,WESCLEY WELL VICENTE BEZERRA (90h),5N1234 6N12,40,27,Remoto - FUP
MAT0025,CÁLCULO 1,SC,2021.1,EMERSON FERREIRA DE MELO (30h),246M5 246T1,35,17,BSA S B2 54/13
MAT0087,SEMINARIO TOPICOS ESPECIAIS,A,2021.1,MARCELO FERNANDES FURTADO (30h),5N12,43,41,Remoto
MAT0028,VARIAVEL COMPLEXA 1,B,2021.1,LEANDRO MARTINS CIOLETTI (90h),235T23,65,14,ICC ANF.15 E ICC ANF.16
MAT0022,MATEMATICA 1,H,2021.1,JOSE LUIS TERUEL CARRETERO (30h),35M12,80,58,ICC ANF.16 E ICC ANF. 3
MAT0025,CÁLCULO 1,C,2021.1,MARCELO FERNANDES FURTADO (30h),356M12,80,47,ICC ANF.12 E ICC ANF. 6
MAT0034,ALGEBRA 1,B,2021.1,ALEX CARRAZEDO DANTAS (60h),35M12,45,34,remoto
MAT0022,MATEMATICA 1,AB,2021.1,LEANDRO MARTINS CIOLETTI (30h),24T45,80,59,ICC ANF.12 E ICC ANF.15
MAT0026,CÁLCULO 2,02A01,2021.1,ROGERIO CESAR DOS SANTOS (90h),2N1234 4N12,20,12,FUP
MAT0038,TEORIA DOS NÚMEROS 1,B,2021.1,DIEGO MARQUES FERREIRA (60h),3N12 5N12,70,56,ICC ANF.15
MAT0026,CÁLCULO 2,I,2021.1,LUCAS CONQUE SECO FERREIRA (90h),235M34,70,12,ICC ANF. 4
MAT0026,CÁLCULO 2,02A,2021.1,LUIZA YOKO TANEGUTI (90h),246M12,101,85,Remoto - FGA
MAT0136,REGÊNCIA 1,A,2021.1,IGOR DOS SANTOS LIMA (120h),7T2345 5N1234,16,0,ASS 451/10
MAT0025,CÁLCULO 1,SB,2021.1,JOSE ANTONIO OLIVEIRA DE FREITAS (30h),246M5 246T1,35,29,BSA S B2 41/10
MAT0025,CÁLCULO 1,Z,2021.1,JANETE SOARES DE GAMBOA (60h),246T23,80,59,ICC ANF.12 E ICC ANF. 7
MAT0034,ALGEBRA 1,C,2021.1,JOSE ANTONIO OLIVEIRA DE FREITAS (60h),36N12,45,40,ICC ASS 439/10
MAT0038,TEORIA DOS NÚMEROS 1,A,2021.1,HEMAR TEIXEIRA GODINHO (60h),35M34,70,29,BSA S A2 16/22
MAT0027,CÁLCULO 3,A,2021.1,ANDRE CALDAS DE SOUZA (90h),246T23,70,30,ICC ANF. 5
MAT0022,MATEMATICA 1,K,2021.1,GENILDO DE JESUS NERY (30h),2N12 6N34,80,19,ICC ANF.12
MAT0031,INTRODUCAO A ALGEBRA LINEAR,D,2021.1,ARY VASCONCELOS MEDINO (60h),24T45,70,36,ICC ANF. 6
MAT0031,INTRODUCAO A ALGEBRA LINEAR,E,2021.1,ALBERTO MASAYOSHI FARIA OHASHI (60h),35N12,70,50,ICC ANF. 6
MAT0025,CÁLCULO 1,41,2021.1,ROGERIO CESAR DOS SANTOS (90h),246M34,40,23,Remoto - FUP
MAT0022,MATEMATICA 1,C,2021.1,RAQUEL CARNEIRO DORR (30h),35M12,80,49,virtual
MAT0034,ALGEBRA 1,A,2021.1,CRISTINA ACCIARRI (60h),35M12,45,18,ICC ASS 439/10
MAT0025,CÁLCULO 1,O,2021.1,PAVEL ZALESSKI (60h),356M12,80,39,virtual
MAT0025,CÁLCULO 1,03A,2021.1,VINICIUS DE CARVALHO RISPOLI (90h),235M12,131,0,Remoto - FGA
MAT0031,INTRODUCAO A ALGEBRA LINEAR,F,2021.1,CRISTINA ACCIARRI (60h),24T45,70,32,ICC ANF. 7
MAT0027,CÁLCULO 3,03A,2021.1,WYTLER CORDEIRO DOS SANTOS (90h),235T45,80,35,Remoto - FGA
MAT0027,CÁLCULO 3,K,2021.1,PAULO HENRIQUE PEREIRA DA COSTA (90h),246N12,70,57,ICC ASS 415/10
MAT0022,MATEMATICA 1,L,2021.1,EDUARDO ANTONIO DA SILVA (60h),35N34,80,43,ICC ANF.12 E ICC ANF. 4
MAT0025,CÁLCULO 1,G,2021.1,ADAIL DE CASTRO CAVALHEIRO (30h),2N12 35N34,80,40,virtual
MAT0022,MATEMATICA 1,N,2021.1,LUIS HENRIQUE DE MIRANDA (30h),24N12,80,55,BSA S BT 26/13 E ICC ANF.12
MAT0022,MATEMATICA 1,M,2021.1,JOSE LUIS TERUEL CARRETERO (30h),35N34,80,48,virtual
MAT0047,TOPOLOGIA DOS ESPACOS METRICOS,A,2021.1,RAIMUNDO DE ARAUJO BASTOS JUNIOR (60h),24T23,40,14,remoto
MAT0117,SEMINÁRIO DE TÓPICOS EM MATEMÁTICA APLICADA,04,2021.1,ROGERIO CESAR DOS SANTOS (60h),24T45,5,0,FUP (remoto)
MAT0059,METODOS MATEMÁTICOS DA FÍSICA 1,A,2021.1,LUIZ DE OLIVEIRA AMORIM (90h),246M34,70,19,BSA S B2 34/10
MAT0129,GEOMETRIA PARA O ENSINO 1,B,2021.1,RAQUEL CARNEIRO DORR (90h),2T45 4T2345,40,39,ASS 451/10
MAT0025,CÁLCULO 1,T,2021.1,LILIANE DE ALMEIDA MAIA (30h),246N12,80,55,ICC ANF. 8
MAT0025,CÁLCULO 1,F,2021.1,ANDREA GENOVESE DE OLIVEIRA (60h),235M34,80,47,ICC ANF.12 E ICC ANF. 5
MAT0031,INTRODUCAO A ALGEBRA LINEAR,03A,2021.1,YEVSEY YEHOSHUA SOBOLEVSKY (60h),46T23,100,0,Remoto - FGA
MAT0025,CÁLCULO 1,N,2021.1,ADAIL DE CASTRO CAVALHEIRO (30h),234M34,80,50,ICC ANF.18 E ICC ANF.19 E PAT AT 012
MAT0025,CÁLCULO 1,S,2021.1,ALINE GOMES DA SILVA PINTO (30h),246M12,80,59,ICC ANF.12 E ICC ANF. 7
MAT0026,CÁLCULO 2,04A,2021.1,MATHEUS BERNARDINI DE SOUZA (90h),235M34,100,63,Remoto - FGA
MAT0025,CÁLCULO 1,D,2021.1,CELIUS ANTONIO MAGALHAES (60h),235M34,80,55,ICC ANF. 2 E ICC ANF. 8
MAT0134,ÁLGEBRA PARA O ENSINO 2,B,2021.1,CLEYTON HERCULES GONTIJO (90h),7M12 4N1234,32,13,darcy ribeiro
MAT0025,CÁLCULO 1,S,2021.1,WANG QIAOLING (60h),246M12,80,59,ICC ANF.12 E ICC ANF. 7
MAT0022,MATEMATICA 1,I,2021.1,GENILDO DE JESUS NERY (30h),46N12,80,28,BSA N A1 19/41 E ICC ANF.12
MAT0075,CALCULO DE PROBABILIDADE 1,B,2021.1,DANIELE DA SILVA BARATELA MARTINS NETO (90h),26N12 4N34,60,42,remoto
MAT0022,MATEMATICA 1,AB,2021.1,GLAUCIA LENITA DIERINGS (30h),24T45,80,59,ICC ANF.12 E ICC ANF.15
MAT0022,MATEMATICA 1,C,2021.1,JOSE LUIS TERUEL CARRETERO (30h),35M12,80,49,virtual
MAT0022,MATEMATICA 1,G,2021.1,EDUARDO ANTONIO DA SILVA (30h),46N12,80,28,ICC ANF.12 E ICC ANF.18
MAT0027,CÁLCULO 3,C,2021.1,RICARDO PARREIRA DA SILVA (90h),235M34,70,56,BSA S B2 54/13
MAT0025,CÁLCULO 1,B,2021.1,SHEILA CAMPOS CHAGAS (60h),246T23,80,40,ICC ANF.12 E ICC ANF. 3
MAT0031,INTRODUCAO A ALGEBRA LINEAR,02A,2021.1,LUIZA YOKO TANEGUTI (60h),24M34,101,73,Remoto - FGA
MAT0025,CÁLCULO 1,F,2021.1,ALINE GOMES DA SILVA PINTO (30h),235M34,80,47,ICC ANF.12 E ICC ANF. 5
MAT0022,MATEMATICA 1,G,2021.1,LUIS HENRIQUE DE MIRANDA (30h),46N12,80,28,ICC ANF.12 E ICC ANF.18
MAT0025,CÁLCULO 1,A,2021.1,SHEILA CAMPOS CHAGAS (60h),235M34,80,52,BSA N AT 09/41 E BSA S A1 16/22 E ICC ANF.12
MAT0080,INTRODUCAO A TEORIA DOS GRAFOS,A,2021.1,DANIELE NANTES SOBRINHO (60h),35T23,55,37,ICC BT 006
MAT0025,CÁLCULO 1,Z,2021.1,LUCIANA MARIA DIAS DE AVILA RODRIGUES (30h),246T23,80,59,ICC ANF.12 E ICC ANF. 7
MAT0087,SEMINARIO TOPICOS ESPECIAIS,B,2021.1,EDUARDO ANTONIO DA SILVA (30h),4M5 4T1,13,12,Darcy Ribeiro
MAT0025,CÁLCULO 1,K,2021.1,ADAIL DE CASTRO CAVALHEIRO (30h),2N12 35N34,80,47,virtual
MAT0117,SEMINÁRIO DE TÓPICOS EM MATEMÁTICA APLICADA,B,2021.1,WESCLEY WELL VICENTE BEZERRA (60h),4N1234,10,2,Remoto - FUP
DPG0804,GEOMETRIA RIEMANNIANA,03,2021.1,JOSE LUIS TERUEL CARRETERO (75h),45T45 6T4,1,0,REMOTO
MAT0053,CALCULO NUMERICO,C,2021.1,GLAUCIA LENITA DIERINGS (60h),35T23,70,65,ICC ANF. 3
DPG0760,INTRODUÇÃO A ALGEBRA,03,2021.1,ALEX CARRAZEDO DANTAS (90h),235M34,1,0,Remoto
MAT0025,CÁLCULO 1,G,2021.1,GENILDO DE JESUS NERY (60h),2N12 35N34,80,40,virtual
MAT0025,CÁLCULO 1,H,2021.1,DANIELA AMORIM AMATO (60h),356M12,80,45,BSA N A1 60/09 E ICC ANF.12
MAT0027,CÁLCULO 3,D,2021.1,THEO ALLAN DARN ZAPATA (90h),35N34 6N12,70,8,PAT AT 012
MAT0025,CÁLCULO 1,P,2021.1,LILIANE DE ALMEIDA MAIA (30h),2N12 35N34,80,55,virtual
MAT0031,INTRODUCAO A ALGEBRA LINEAR,C,2021.1,ALEXEI KRASSILNIKOV (60h),24T45,70,28,virtual
MAT0022,MATEMATICA 1,17,2021.1,JOSE EDUARDO CASTILHO (60h),6N1234,49,14,virtual/FUP
MAT0031,INTRODUCAO A ALGEBRA LINEAR,G,2021.1,PAVEL SHUMYATSKY (60h),35N12,70,58,ICC ANF. 8
MAT0025,CÁLCULO 1,M,2021.1,MARTINO GARONZI (30h),235M34,80,44,ICC ANF. 7 E ICC ANF. 8
MAT0124,REGÊNCIA 2,B,2021.1,REGINA DA SILVA PINA NEVES (120h),67M1234,16,16,ASS 451/10
MAT0027,CÁLCULO 3,I,2021.1,RADERSON RODRIGUES DA SILVA (90h),356M12,70,63,BSA S BT 34/10 E BSA S BT 47/10
MAT0026,CÁLCULO 2,29,2021.1,ANTONIO LUIZ DE MELO (90h),2M1234 4M12,70,55,Remoto - FUP
MAT0053,CALCULO NUMERICO,A,2021.1,GENILDO DE JESUS NERY (60h),35T45,70,41,ICC ANF. 6
MAT0027,CÁLCULO 3,F,2021.1,CLAUS AKIRA MATSUSHIGUE (90h),246T23,70,30,remote
MAT0025,CÁLCULO 1,E,2021.1,MARCELO FERNANDES FURTADO (30h),246T23,40,22,virtual
MAT0025,CÁLCULO 1,J,2021.1,DANIELA AMORIM AMATO (60h),246T23,80,50,ICC ANF.19
MAT0040,ALGEBRA 2,A,2021.1,MARTINO GARONZI (60h),35M12,40,14,remote
MAT0025,CÁLCULO 1,I,2021.1,MARCELO FERNANDES FURTADO (30h),2N12 35N34,40,29,ICC ASS 432/10
MAT0046,ANALISE 2,02,2021.1,WILLIAN CINTRA DA SILVA (60h),24M34,1,1,virtual
MAT0053,CALCULO NUMERICO,D,2021.1,CARLOS MABER CARRION RIVEROS (60h),35T23,70,64,ICC ANF. 7
MAT0031,INTRODUCAO A ALGEBRA LINEAR,01A,2021.1,TAIS CALLIERO TOGNETTI (60h),35M12,100,76,Remoto - FGA
MAT0025,CÁLCULO 1,I,2021.1,JANETE SOARES DE GAMBOA (60h),2N12 35N34,40,29,ICC ASS 432/10
MAT0025,CÁLCULO 1,O,2021.1,LUCIANA MARIA DIAS DE AVILA RODRIGUES (30h),356M12,80,39,virtual
MAT0076,CALCULO DE PROBABILIDADE 2,A,2021.1,CATIA REGINA GONCALVES (60h),24M34,50,35,remoto
MAT0039,ALGEBRA LINEAR,A,2021.1,IRINA SVIRIDOVA (90h),235T45,68,31,Virtual
MAT0022,MATEMATICA 1,M,2021.1,EDUARDO ANTONIO DA SILVA (30h),35N34,80,48,virtual